{"initial_reset_timestamp": 1607648926.5177507, "timestamps": [1607648926.5557504, 1607648926.5897534, 1607648926.6207845, 1607648927.1595488, 1607648927.595127, 1607648927.6251118, 1607648927.6621087, 1607648927.6861115, 1607648927.7210786, 1607648927.739109, 1607648927.770109, 1607648927.7891097, 1607648928.2981145, 1607648928.7798274, 1607648929.297834, 1607648929.3218336, 1607648929.3438337, 1607648929.7848296, 1607648929.816832, 1607648929.8558626, 1607648929.878836, 1607648930.4124787, 1607648930.4405067, 1607648930.4745078, 1607648930.9774802, 1607648931.009506, 1607648931.0445094, 1607648931.07651, 1607648931.5205493, 1607648932.048516, 1607648932.079519, 1607648932.1235158, 1607648936.866839, 1607648937.4852633, 1607648937.5072634, 1607648937.5332634, 1607648937.5592647, 1607648938.0102935, 1607648938.0342655, 1607648938.0652962, 1607648938.5789511, 1607648938.6081161, 1607648938.6405854, 1607648939.1863534, 1607648939.65662, 1607648940.0866199, 1607648940.1165876, 1607648940.1506205, 1607648940.6016214, 1607648940.7033062, 1607648940.7203045, 1607648940.7367277, 1607648941.1675022, 1607648941.198472, 1607648941.2205036, 1607648941.2465012, 1607648941.2684863, 1607648941.7875037, 1607648942.2325053, 1607648942.7594697, 1607648943.2064536, 1607648943.6732833, 1607648943.7282836, 1607648943.763318, 1607648944.202475, 1607648944.230486, 1607648944.2694857, 1607648944.3004873, 1607648944.319488, 1607648944.341452, 1607648944.4044852, 1607648944.4284863, 1607648944.4614897, 1607648944.481489, 1607648944.512485, 1607648945.0094543, 1607648945.0684872, 1607648945.4782264, 1607648945.5182278, 1607648945.5472271, 1607648945.5702276, 1607648945.6042259, 1607648945.6352286, 1607648945.672227, 1607648945.6872284, 1607648945.7072265, 1607648945.7262275, 1607648945.7562284, 1607648946.1886346, 1607648946.2156355, 1607648946.6386788, 1607648946.6996472, 1607648947.1586487, 1607648947.1796818, 1607648947.2116814, 1607648947.7196786, 1607648948.2182908, 1607648948.2783232, 1607648948.306297, 1607648948.7682922, 1607648948.7963243, 1607648948.8173032, 1607648949.3416874, 1607648949.3687203, 1607648949.3977642, 1607648949.8898942, 1607648949.915768, 1607648950.4073236, 1607648950.4293575, 1607648950.4604554, 1607648950.9198148, 1607648950.9418125, 1607648950.982857, 1607648951.018893, 1607648951.0529215, 1607648951.08189, 1607648951.6207778, 1607648951.652999, 1607648952.1336079, 1607648952.1647377, 1607648952.1849449, 1607648952.2099154, 1607648952.228942, 1607648952.2520342, 1607648952.2810814, 1607648952.3060827, 1607648952.3280776, 1607648952.368257, 1607648952.8008032, 1607648952.8237717, 1607648952.861775, 1607648952.8898058, 1607648952.9187703, 1607648952.951771, 1607648952.9957707, 1607648953.0167859, 1607648953.0487697, 1607648953.0707707, 1607648953.0910025, 1607648953.1170022, 1607648953.140035, 1607648953.1660023, 1607648953.6928122, 1607648953.717845, 1607648953.741844, 1607648953.7718487, 1607648953.813844, 1607648954.3739913, 1607648954.3970683, 1607648954.430558, 1607648954.4626923, 1607648954.4887822, 1607648954.5207827, 1607648954.5407803, 1607648954.5637834, 1607648954.589781, 1607648954.611774, 1607648954.6427803, 1607648954.6878238, 1607648954.712794, 1607648954.736825, 1607648954.7567906, 1607648954.7758017, 1607648954.7988238, 1607648954.8328242], "episode_lengths": [118, 89, 80, 1600, 1600, 84, 117, 68, 111, 56, 101, 56, 1600, 1600, 1600, 51, 60, 1600, 98, 131, 72, 1600, 95, 111, 1600, 99, 111, 98, 1600, 1600, 97, 166, 110, 1600, 64, 72, 77, 1600, 73, 99, 1600, 87, 122, 1600, 1600, 1600, 97, 106, 1600, 354, 50, 47, 1600, 92, 66, 79, 70, 1600, 1600, 1600, 1600, 1600, 156, 100, 1600, 80, 131, 100, 57, 66, 234, 68, 86, 56, 89, 1600, 182, 1600, 137, 88, 70, 103, 97, 120, 43, 62, 55, 98, 1600, 81, 1600, 193, 1600, 57, 96, 1600, 1600, 152, 77, 1600, 76, 55, 1600, 82, 71, 1600, 71, 1600, 69, 91, 1600, 67, 124, 116, 108, 88, 1600, 97, 1600, 94, 63, 66, 57, 71, 102, 74, 70, 118, 1600, 60, 131, 81, 83, 98, 136, 63, 99, 66, 56, 79, 62, 75, 1600, 82, 71, 98, 141, 1600, 58, 111, 90, 77, 95, 63, 65, 89, 71, 103, 158, 68, 71, 62, 57, 66, 108], "episode_rewards": [-91.92969427878009, -123.14542169727608, -93.77014860212552, -14.009993787003326, -7.702028269268353, -95.35124703615615, -122.89649764727405, -95.95198980306586, -92.95030773045464, -98.5006794780851, -95.08941261819032, -112.29498950857972, -9.696820937418028, -36.35756609705339, -18.14283347093633, -115.65789831646707, -96.52000804773559, -14.70296136410424, -102.0449114025721, -92.81720423612137, -114.80846448780079, -11.924922148589156, -115.67974168820052, -121.56902524360477, -7.262006427686103, -93.59777551112627, -113.0162104913287, -101.10315185893172, -13.153329851958656, -13.39567785263268, -121.32030460861867, -107.82569549677433, -91.83231406778397, -24.46671326551708, -96.98782239596665, -101.02401919736602, -116.41476167210067, -15.685101108020675, -102.82359120232432, -118.37836473086432, -22.72639280998786, -95.9264009118796, -102.70719425396932, -17.900973299190056, -12.252041825506279, -6.384958683330358, -96.96699683730482, -97.30700897439421, -10.562692078866943, -121.42360302917714, -102.56169369842834, -106.90930232863074, -13.054925361517533, -122.24617207876786, -112.86808542104019, -111.68304001956375, -97.11481497435692, -11.62245109818055, -25.923389196921885, -7.2779185383885086, -11.642112055833634, -14.779648571366103, -103.73925119617456, -95.6325776371779, -6.629014234892479, -93.81857850055452, -95.94663512799747, -105.83607879242247, -99.46060306115663, -116.40576259252757, -129.24812812652016, -96.38687955873269, -93.96019422092041, -110.16026489750422, -95.32532436254789, -19.738844694061243, -102.61818432539756, -49.68921653788396, -94.59368381137755, -96.99961153747947, -95.6676896893073, -96.86303612428134, -129.735106055347, -127.17484469534222, -117.42388989762253, -97.06246090291921, -103.44240629462487, -118.77486624120405, -11.576499605696602, -97.54035385462258, -26.85740307958513, -97.80340923253044, -13.780784477946721, -97.21214548462831, -95.62665302953451, -10.788808400495755, -15.040728507809584, -98.03319779935264, -93.7954170429433, -2.684439577207601, -97.70161546663088, -98.97666287438165, -12.955380970155495, -99.40022366265015, -113.7896814674265, -3.2785135205666, -96.05697630654113, -10.201469193838204, -98.94278698683685, -96.155290353514, -23.773442393550717, -100.19935247371352, -93.42320404832371, -96.16987668372238, -116.90238247241396, -92.48158777339509, -26.75289138480932, -97.8381556816577, -7.605959241941482, -101.47042659545797, -96.56999666928725, -97.40536255623577, -99.88612961980883, -116.81855718696809, -103.57754028174898, -95.79974674199192, -95.80068996248856, -97.99566994272462, -21.050914388637025, -97.60713642493343, -90.0616659365378, -93.85309368558426, -94.95128129803489, -117.4649332245541, -92.35759609034558, -98.63640920987302, -93.00221896660517, -99.2332760052816, -96.93237169037809, -97.27714743419403, -100.83706183686708, -96.08898177566155, -21.993304261993444, -95.61748202066153, -118.11530919661773, -97.98297448132354, -96.63211107722, -17.035035085798896, -98.19150575630667, -117.41782880844718, -94.73418531762817, -99.00396713096666, -116.69719214158238, -98.95621501397942, -101.26592611582414, -106.333040636737, -97.47425654737167, -120.24168327818967, -128.06252525131458, -100.30786700154108, -96.46115217455743, -96.07741415027226, -97.78464957111129, -99.20302926032953, -92.86900550767271],