{"initial_reset_timestamp": 1607477394.1817193, "timestamps": [1607477394.3147888, 1607477394.3867927, 1607477396.1592035, 1607477396.2462926, 1607477396.3642359, 1607477396.4492981, 1607477396.6062412, 1607477396.7462444, 1607477398.0916371, 1607477398.19864, 1607477398.3203595, 1607477398.3973527, 1607477398.5172975, 1607477398.6273463, 1607477398.7122903, 1607477398.8143482, 1607477398.90835, 1607477399.0273464, 1607477399.1053405, 1607477399.2303007, 1607477399.363303, 1607477399.4415536, 1607477399.5802407, 1607477399.6958692, 1607477399.796875, 1607477399.875416, 1607477399.943418, 1607477400.0783947, 1607477400.2145152, 1607477400.3606606, 1607477400.531331, 1607477400.623294], "episode_lengths": [114, 58, 1600, 86, 105, 73, 161, 126, 1600, 95, 99, 68, 104, 104, 70, 95, 86, 107, 64, 126, 122, 64, 118, 106, 98, 73, 58, 113, 140, 135, 165, 88], "episode_rewards": [-112.4310390279206, -119.91101933005237, -18.29554108525634, -105.08519916086072, -95.17951148199288, -112.8939381345855, -105.88100106709294, -118.76298122901382, -25.339885445503505, -97.8363638769103, -97.67156882393046, -111.8234444152166, -121.04709802754344, -93.5788500055301, -97.4458081142884, -122.45002183678305, -115.46347834874128, -93.51802242344613, -100.79757078218479, -120.19623550273633, -97.20656079256804, -111.610550211117, -101.1267670735877, -92.4540019837033, -121.16038486449986, -98.3679738539704, -117.4583511170245, -93.15127679983755, -111.55118996026201, -97.71805265653057, -118.99953546606709, -115.34762670500032], "episode_types": ["t", "t", "t", "t", "t", "t", "t", "t", "t", "t", "t", "t", "t", "t", "t", "t", "t", "t", "t", "t", "t", "t", "t", "t", "t", "t", "t", "t", "t", "t", "t", "t", "t"]}